<?xml version="1.0" encoding="UTF-8"?>
<project-private xmlns="http://www.netbeans.org/ns/project-private/1">
    <editor-bookmarks xmlns="http://www.netbeans.org/ns/editor-bookmarks/2" lastBookmarkId="0"/>
    <open-files xmlns="http://www.netbeans.org/ns/projectui-open-files/2">
        <group>
            <file>file:/C:/Users/ASUS/OneDrive/Documents/NetBeansProjects/Student%20Result%20Management/src/student/result/management/StudentResultManagement.java</file>
            <file>file:/C:/Users/ASUS/OneDrive/Documents/NetBeansProjects/Student%20Result%20Management/src/index.java</file>
            <file>file:/C:/Users/ASUS/OneDrive/Documents/NetBeansProjects/Student%20Result%20Management/src/adminIndex.java</file>
            <file>file:/C:/Users/ASUS/OneDrive/Documents/NetBeansProjects/Student%20Result%20Management/src/studentIndex.java</file>
            <file>file:/C:/Users/ASUS/OneDrive/Documents/NetBeansProjects/Student%20Result%20Management/src/adminHome.java</file>
            <file>file:/C:/Users/ASUS/OneDrive/Documents/NetBeansProjects/Student%20Result%20Management/src/insertNewResult.java</file>
            <file>file:/C:/Users/ASUS/OneDrive/Documents/NetBeansProjects/Student%20Result%20Management/src/registeredStudent.java</file>
            <file>file:/C:/Users/ASUS/OneDrive/Documents/NetBeansProjects/Student%20Result%20Management/src/allStudentResult.java</file>
            <file>file:/C:/Users/ASUS/OneDrive/Documents/NetBeansProjects/Student%20Result%20Management/src/studentHome.java</file>
        </group>
    </open-files>
</project-private>
